"No","Nama","glat","glong","slat","slong","flat","flong"
1,Tes,-6.5962918,106.8250593,-6.5965328,106.8351313,-6.7270413,107.4455229
2,Tos,-6.8962918,107.8250593,-6.8965328,107.8351313,-6.9270413,107.9455229